brand, description, price
Rolex,Sea-Dweller Automatic-self-Wind Male Watch 116660 (Certified Pre-Owned),9999
Rolex,Submariner Automatic-self-Wind Male Watch 116610,9795
Omega,Seamaster Automatic-self-Wind Male Watch 2598.80 (Certified Pre-Owned),2599
Breitling,Superocean Automatic-self-Wind Male Watch A13320 (Certified Pre-Owned),3999
Ben Sherman,Portobello Quartz Male Watch WB046B (Certified Pre-Owned),43
Ben Sherman,London Quartz Male Watch WB052BR (Certified Pre-Owned),43
ESQ,Verve Quartz Male Watch 07301190 (Certified Pre-Owned),155
ESQ,Blackfin Quartz Male Watch 07301148 (Certified Pre-Owned),335
Omega,Seamaster Railmaster Automatic Watch 220.10.38.20.01.002,4863
RAYMOND WEIL,Tango Quartz Male Watch 5599-STP-00308 (Certified Pre-Owned),285
RAYMOND WEIL,Tango Quartz Male Watch 5599-SP5-00657 (Certified Pre-Owned),405
Breitling,Cockpit Automatic-self-Wind Male Watch B30012 (Certified Pre-Owned),2499
Breitling,Transocean Automatic-self-Wind Male Watch AB0510 (Certified Pre-Owned),5195
Rolex,Datejust Swiss-Automatic Male Watch 16013 (Certified Pre-Owned),4500
Movado,Temo Quartz Male Watch 0605903 (Certified Pre-Owned),430
Rolex,Datejust Automatic-self-Wind Male Watch 116200 (Certified Pre-Owned),5795
Rolex,Datejust Automatic-self-Wind Male Watch 16233 (Certified Pre-Owned),4795
Breitling,Colt Quartz Male Watch A64350 (Certified Pre-Owned),1595
Rolex,Datejust Automatic-self-Wind Male Watch 1603 (Certified Pre-Owned),3495
Rolex,Oysterquartz Quartz Male Watch 17013 (Certified Pre-Owned),3999
Breitling,Montbrillant Automatic-self-Wind Male Watch A41370 (Certified Pre-Owned),3495
TW Steel,Pilot Quartz Male Watch CE1019 (Certified Pre-Owned),135
Breitling,Montbrillant Automatic-self-Wind Male Watch A21330 (Certified Pre-Owned),4390
Rolex,Submariner Automatic-self-Wind Male Watch 16610 (Certified Pre-Owned),7299
Rolex,Yacht-Master Swiss-Automatic Male Watch 116655 (Certified Pre-Owned),25200
Breitling,Navitimer Automatic-self-Wind Male Watch A11022 (Certified Pre-Owned),4299
Rolex,Yacht-Master Automatic-self-Wind Male Watch 16622 (Certified Pre-Owned),8800
Rolex,Vintage Collection Automatic-self-Wind Male Watch 1803 (Certified Pre-Owned),7527
Rolex,GMT Master II Automatic-self-Wind Male Watch 116710BLNR (Certified Pre-Owned),17899
Rolex,Submariner Automatic-self-Wind Male Watch 116610LN (Certified Pre-Owned),12535
Breitling,Chronomat Automatic-self-Wind Male Watch B13048 (Certified Pre-Owned),2499
Audemars Piguet,Royal Oak Offshore Automatic-self-Wind Male Watch (Certified Pre-Owned),19490
Rolex,Oysterdate Mechanical-Hand-Wind Male Watch 6694 (Certified Pre-Owned),2795
Audemars Piguet,Royal Oak Offshore Automatic-self-Wind Male Watch (Certified Pre-Owned),210000
Rolex,Explorer Automatic Male Watch 216570 (Certified Pre-Owned),9450
A Lange & Sohne,A. Lange & Sohne 1815 Mechanical-Hand-Wind Male Watch 221.021 (Certified Pre-Owned),11990
Omega,Constellation Automatic-self-Wind Male Watch 1202.10.00 (Certified Pre-Owned),2399
CARTIER,Ballon Bleu Automatic-self-Wind Male Watch W6920023 (Certified Pre-Owned),18900
Rolex,Yacht-Master Automatic-self-Wind Male Watch 168623 (Certified Pre-Owned),6595
Rolex,Day-Date Automatic-self-Wind Male Watch 18078 (Certified Pre-Owned),13127
Rolex,Datejust Automatic-self-Wind Male Watch 16234 (Certified Pre-Owned),5495
Panerai,Radiomir Automatic-self-Wind Male Watch PAM00292 (Certified Pre-Owned),5915
Audemars Piguet,Royal Oak Offshore Automatic-self-Wind Male Watch (Certified Pre-Owned),31995
Audemars Piguet,Royal Oak Offshore Automatic-self-Wind Male Watch (Certified Pre-Owned),31995
Rolex,Datejust Automatic-self-Wind Male Watch 16234 (Certified Pre-Owned),4627
